{
  "samples": 10000,
  "total_energy_j": 2.680793159299025e-10,
  "avg_latency_ps": 41.37685121124734,
  "tops_w": 305581.2035174712
}